{
  "France": {
    "Paris": "https://upload.wikimedia.org/wikipedia/commons/6/62/Flag_of_France.png",
    "Marseille": "https://upload.wikimedia.org/wikipedia/commons/6/62/Flag_of_France.png",
    "Lyon": "https://upload.wikimedia.org/wikipedia/commons/6/62/Flag_of_France.png",
    "Toulouse": "https://upload.wikimedia.org/wikipedia/commons/6/62/Flag_of_France.png",
    "Nice": "https://upload.wikimedia.org/wikipedia/commons/6/62/Flag_of_France.png",
    "Nantes": "https://upload.wikimedia.org/wikipedia/commons/6/62/Flag_of_France.png",
    "Strasbourg": "https://upload.wikimedia.org/wikipedia/commons/6/62/Flag_of_France.png",
    "Montpellier": "https://upload.wikimedia.org/wikipedia/commons/6/62/Flag_of_France.png",
    "Bordeaux": "https://upload.wikimedia.org/wikipedia/commons/6/62/Flag_of_France.png",
    "Lille": "https://upload.wikimedia.org/wikipedia/commons/6/62/Flag_of_France.png",
    "Rennes": "https://upload.wikimedia.org/wikipedia/commons/6/62/Flag_of_France.png",
    "Reims": "https://upload.wikimedia.org/wikipedia/commons/6/62/Flag_of_France.png",
    "Le Havre": "https://upload.wikimedia.org/wikipedia/commons/6/62/Flag_of_France.png",
    "Saint-Étienne": "https://upload.wikimedia.org/wikipedia/commons/6/62/Flag_of_France.png",
    "Toulon": "https://upload.wikimedia.org/wikipedia/commons/6/62/Flag_of_France.png",
    "Grenoble": "https://upload.wikimedia.org/wikipedia/commons/6/62/Flag_of_France.png",
    "Dijon": "https://upload.wikimedia.org/wikipedia/commons/6/62/Flag_of_France.png",
    "Nîmes": "https://upload.wikimedia.org/wikipedia/commons/6/62/Flag_of_France.png",
    "Angers": "https://upload.wikimedia.org/wikipedia/commons/6/62/Flag_of_France.png",
    "Villeurbanne": "https://upload.wikimedia.org/wikipedia/commons/6/62/Flag_of_France.png",
    "Le Mans": "https://upload.wikimedia.org/wikipedia/commons/6/62/Flag_of_France.png",
    "Saint-Denis": "https://upload.wikimedia.org/wikipedia/commons/6/62/Flag_of_France.png",
    "Aix-en-Provence": "https://upload.wikimedia.org/wikipedia/commons/6/62/Flag_of_France.png",
    "Clermont-Ferrand": "https://upload.wikimedia.org/wikipedia/commons/6/62/Flag_of_France.png",
    "Brest": "https://upload.wikimedia.org/wikipedia/commons/6/62/Flag_of_France.png",
    "Limoges": "https://upload.wikimedia.org/wikipedia/commons/6/62/Flag_of_France.png",
    "Tours": "https://upload.wikimedia.org/wikipedia/commons/6/62/Flag_of_France.png",
    "Amiens": "https://upload.wikimedia.org/wikipedia/commons/6/62/Flag_of_France.png",
    "Perpignan": "https://upload.wikimedia.org/wikipedia/commons/6/62/Flag_of_France.png",
    "Metz": "https://upload.wikimedia.org/wikipedia/commons/6/62/Flag_of_France.png",
    "Besançon": "https://upload.wikimedia.org/wikipedia/commons/6/62/Flag_of_France.png",
    "Boulogne-Billancourt": "https://upload.wikimedia.org/wikipedia/commons/6/62/Flag_of_France.png",
    "Orléans": "https://upload.wikimedia.org/wikipedia/commons/6/62/Flag_of_France.png",
    "Mulhouse": "https://upload.wikimedia.org/wikipedia/commons/6/62/Flag_of_France.png",
    "Rouen": "https://upload.wikimedia.org/wikipedia/commons/6/62/Flag_of_France.png",
    "Caen": "https://upload.wikimedia.org/wikipedia/commons/6/62/Flag_of_France.png",
    "Argenteuil": "https://upload.wikimedia.org/wikipedia/commons/6/62/Flag_of_France.png",
    "Saint-Paul": "https://upload.wikimedia.org/wikipedia/commons/6/62/Flag_of_France.png",
    "Montreuil": "https://upload.wikimedia.org/wikipedia/commons/6/62/Flag_of_France.png",
    "Nancy": "https://upload.wikimedia.org/wikipedia/commons/6/62/Flag_of_France.png",
    "Roubaix": "https://upload.wikimedia.org/wikipedia/commons/6/62/Flag_of_France.png",
    "Tourcoing": "https://upload.wikimedia.org/wikipedia/commons/6/62/Flag_of_France.png",
    "Nanterre": "https://upload.wikimedia.org/wikipedia/commons/6/62/Flag_of_France.png",
    "Avignon": "https://upload.wikimedia.org/wikipedia/commons/6/62/Flag_of_France.png",
    "Vitry-sur-Seine": "https://upload.wikimedia.org/wikipedia/commons/6/62/Flag_of_France.png",
    "Créteil": "https://upload.wikimedia.org/wikipedia/commons/6/62/Flag_of_France.png",
    "Dunkirk": "https://upload.wikimedia.org/wikipedia/commons/6/62/Flag_of_France.png",
    "Poitiers": "https://upload.wikimedia.org/wikipedia/commons/6/62/Flag_of_France.png",
    "Asnières-sur-Seine": "https://upload.wikimedia.org/wikipedia/commons/6/62/Flag_of_France.png",
    "Courbevoie": "https://upload.wikimedia.org/wikipedia/commons/6/62/Flag_of_France.png",
    "Versailles": "https://upload.wikimedia.org/wikipedia/commons/6/62/Flag_of_France.png",
    "Colombes": "https://upload.wikimedia.org/wikipedia/commons/6/62/Flag_of_France.png",
    "Fort-de-France": "https://upload.wikimedia.org/wikipedia/commons/6/62/Flag_of_France.png",
    "Aulnay-sous-Bois": "https://upload.wikimedia.org/wikipedia/commons/6/62/Flag_of_France.png",
    "Saint-Pierre": "https://upload.wikimedia.org/wikipedia/commons/6/62/Flag_of_France.png",
    "Rueil-Malmaison": "https://upload.wikimedia.org/wikipedia/commons/6/62/Flag_of_France.png",
    "Pau": "https://upload.wikimedia.org/wikipedia/commons/6/62/Flag_of_France.png",
    "Aubervilliers": "https://upload.wikimedia.org/wikipedia/commons/6/62/Flag_of_France.png",
    "Le Tampon": "https://upload.wikimedia.org/wikipedia/commons/6/62/Flag_of_France.png",
    "Champigny-sur-Marne": "https://upload.wikimedia.org/wikipedia/commons/6/62/Flag_of_France.png",
    "Antibes": "https://upload.wikimedia.org/wikipedia/commons/6/62/Flag_of_France.png",
    "Béziers": "https://upload.wikimedia.org/wikipedia/commons/6/62/Flag_of_France.png",
    "La Rochelle": "https://upload.wikimedia.org/wikipedia/commons/6/62/Flag_of_France.png",
    "Saint-Maur-des-Fossés": "https://upload.wikimedia.org/wikipedia/commons/6/62/Flag_of_France.png",
    "Cannes": "https://upload.wikimedia.org/wikipedia/commons/6/62/Flag_of_France.png",
    "Calais": "https://upload.wikimedia.org/wikipedia/commons/6/62/Flag_of_France.png",
    "Saint-Nazaire": "https://upload.wikimedia.org/wikipedia/commons/6/62/Flag_of_France.png",
    "Mérignac": "https://upload.wikimedia.org/wikipedia/commons/6/62/Flag_of_France.png",
    "Drancy": "https://upload.wikimedia.org/wikipedia/commons/6/62/Flag_of_France.png",
    "Colmar": "https://upload.wikimedia.org/wikipedia/commons/6/62/Flag_of_France.png",
    "Ajaccio": "https://upload.wikimedia.org/wikipedia/commons/6/62/Flag_of_France.png",
    "Bourges": "https://upload.wikimedia.org/wikipedia/commons/6/62/Flag_of_France.png",
    "Issy-les-Moulineaux": "https://upload.wikimedia.org/wikipedia/commons/6/62/Flag_of_France.png",
    "Levallois-Perret": "https://upload.wikimedia.org/wikipedia/commons/6/62/Flag_of_France.png",
    "La Seyne-sur-Mer": "https://upload.wikimedia.org/wikipedia/commons/6/62/Flag_of_France.png",
    "Quimper": "https://upload.wikimedia.org/wikipedia/commons/6/62/Flag_of_France.png",
    "Noisy-le-Grand": "https://upload.wikimedia.org/wikipedia/commons/6/62/Flag_of_France.png",
    "Villeneuve-d'Ascq": "https://upload.wikimedia.org/wikipedia/commons/6/62/Flag_of_France.png",
    "Neuilly-sur-Seine": "https://upload.wikimedia.org/wikipedia/commons/6/62/Flag_of_France.png",
    "Valence": "https://upload.wikimedia.org/wikipedia/commons/6/62/Flag_of_France.png",
    "Antony": "https://upload.wikimedia.org/wikipedia/commons/6/62/Flag_of_France.png",
    "Cergy": "https://upload.wikimedia.org/wikipedia/commons/6/62/Flag_of_France.png",
    "Vénissieux": "https://upload.wikimedia.org/wikipedia/commons/6/62/Flag_of_France.png",
    "Pessac": "https://upload.wikimedia.org/wikipedia/commons/6/62/Flag_of_France.png",
    "Troyes": "https://upload.wikimedia.org/wikipedia/commons/6/62/Flag_of_France.png",
    "Clichy": "https://upload.wikimedia.org/wikipedia/commons/6/62/Flag_of_France.png",
    "Ivry-sur-Seine": "https://upload.wikimedia.org/wikipedia/commons/6/62/Flag_of_France.png",
    "Chambéry": "https://upload.wikimedia.org/wikipedia/commons/6/62/Flag_of_France.png",
    "Lorient": "https://upload.wikimedia.org/wikipedia/commons/6/62/Flag_of_France.png",
    "Les Abymes": "https://upload.wikimedia.org/wikipedia/commons/6/62/Flag_of_France.png",
    "Montauban": "https://upload.wikimedia.org/wikipedia/commons/6/62/Flag_of_France.png",
    "Sarcelles": "https://upload.wikimedia.org/wikipedia/commons/6/62/Flag_of_France.png",
    "Niort": "https://upload.wikimedia.org/wikipedia/commons/6/62/Flag_of_France.png",
    "Villejuif": "https://upload.wikimedia.org/wikipedia/commons/6/62/Flag_of_France.png",
    "Saint-André": "https://upload.wikimedia.org/wikipedia/commons/6/62/Flag_of_France.png",
    "Hyères": "https://upload.wikimedia.org/wikipedia/commons/6/62/Flag_of_France.png",
    "Saint-Quentin": "https://upload.wikimedia.org/wikipedia/commons/6/62/Flag_of_France.png",
    "Beauvais": "https://upload.wikimedia.org/wikipedia/commons/6/62/Flag_of_France.png",
    "Épinay-sur-Seine": "https://upload.wikimedia.org/wikipedia/commons/6/62/Flag_of_France.png",
    "Cayenne": "https://upload.wikimedia.org/wikipedia/commons/6/62/Flag_of_France.png",
    "Maisons-Alfort": "https://upload.wikimedia.org/wikipedia/commons/6/62/Flag_of_France.png",
    "Cholet": "https://upload.wikimedia.org/wikipedia/commons/6/62/Flag_of_France.png",
    "Meaux": "https://upload.wikimedia.org/wikipedia/commons/6/62/Flag_of_France.png",
    "Chelles": "https://upload.wikimedia.org/wikipedia/commons/6/62/Flag_of_France.png",
    "Pantin": "https://upload.wikimedia.org/wikipedia/commons/6/62/Flag_of_France.png",
    "Évry": "https://upload.wikimedia.org/wikipedia/commons/6/62/Flag_of_France.png",
    "Fontenay-sous-Bois": "https://upload.wikimedia.org/wikipedia/commons/6/62/Flag_of_France.png",
    "Fréjus": "https://upload.wikimedia.org/wikipedia/commons/6/62/Flag_of_France.png",
    "Vannes": "https://upload.wikimedia.org/wikipedia/commons/6/62/Flag_of_France.png",
    "Bondy": "https://upload.wikimedia.org/wikipedia/commons/6/62/Flag_of_France.png",
    "Le Blanc-Mesnil": "https://upload.wikimedia.org/wikipedia/commons/6/62/Flag_of_France.png",
    "La Roche-sur-Yon": "https://upload.wikimedia.org/wikipedia/commons/6/62/Flag_of_France.png",
    "Saint-Louis": "https://upload.wikimedia.org/wikipedia/commons/6/62/Flag_of_France.png",
    "Arles": "https://upload.wikimedia.org/wikipedia/commons/6/62/Flag_of_France.png",
    "Clamart": "https://upload.wikimedia.org/wikipedia/commons/6/62/Flag_of_France.png",
    "Narbonne": "https://upload.wikimedia.org/wikipedia/commons/6/62/Flag_of_France.png",
    "Annecy": "https://upload.wikimedia.org/wikipedia/commons/6/62/Flag_of_France.png",
    "Sartrouville": "https://upload.wikimedia.org/wikipedia/commons/6/62/Flag_of_France.png",
    "Grasse": "https://upload.wikimedia.org/wikipedia/commons/6/62/Flag_of_France.png",
    "Laval": "https://upload.wikimedia.org/wikipedia/commons/6/62/Flag_of_France.png",
    "Belfort": "https://upload.wikimedia.org/wikipedia/commons/6/62/Flag_of_France.png",
    "Bobigny": "https://upload.wikimedia.org/wikipedia/commons/6/62/Flag_of_France.png",
    "Évreux": "https://upload.wikimedia.org/wikipedia/commons/6/62/Flag_of_France.png",
    "Vincennes": "https://upload.wikimedia.org/wikipedia/commons/6/62/Flag_of_France.png",
    "Montrouge": "https://upload.wikimedia.org/wikipedia/commons/6/62/Flag_of_France.png",
    "Sevran": "https://upload.wikimedia.org/wikipedia/commons/6/62/Flag_of_France.png",
    "Albi": "https://upload.wikimedia.org/wikipedia/commons/6/62/Flag_of_France.png",
    "Charleville-Mézières": "https://upload.wikimedia.org/wikipedia/commons/6/62/Flag_of_France.png",
    "Suresnes": "https://upload.wikimedia.org/wikipedia/commons/6/62/Flag_of_France.png",
    "Martigues": "https://upload.wikimedia.org/wikipedia/commons/6/62/Flag_of_France.png",
    "Corbeil-Essonnes": "https://upload.wikimedia.org/wikipedia/commons/6/62/Flag_of_France.png",
    "Saint-Ouen": "https://upload.wikimedia.org/wikipedia/commons/6/62/Flag_of_France.png",
    "Bayonne": "https://upload.wikimedia.org/wikipedia/commons/6/62/Flag_of_France.png",
    "Cagnes-sur-Mer": "https://upload.wikimedia.org/wikipedia/commons/6/62/Flag_of_France.png",
    "Brive-la-Gaillarde": "https://upload.wikimedia.org/wikipedia/commons/6/62/Flag_of_France.png",
    "Carcassonne": "https://upload.wikimedia.org/wikipedia/commons/6/62/Flag_of_France.png",
    "Massy": "https://upload.wikimedia.org/wikipedia/commons/6/62/Flag_of_France.png",
    "Blois": "https://upload.wikimedia.org/wikipedia/commons/6/62/Flag_of_France.png",
    "Aubagne": "https://upload.wikimedia.org/wikipedia/commons/6/62/Flag_of_France.png",
    "Saint-Brieuc": "https://upload.wikimedia.org/wikipedia/commons/6/62/Flag_of_France.png",
    "Châteauroux": "https://upload.wikimedia.org/wikipedia/commons/6/62/Flag_of_France.png",
    "Chalon-sur-Saône": "https://upload.wikimedia.org/wikipedia/commons/6/62/Flag_of_France.png",
    "Mantes-la-Jolie": "https://upload.wikimedia.org/wikipedia/commons/6/62/Flag_of_France.png",
    "Meudon": "https://upload.wikimedia.org/wikipedia/commons/6/62/Flag_of_France.png",
    "Saint-Malo": "https://upload.wikimedia.org/wikipedia/commons/6/62/Flag_of_France.png",
    "Châlons-en-Champagne": "https://upload.wikimedia.org/wikipedia/commons/6/62/Flag_of_France.png",
    "Alfortville": "https://upload.wikimedia.org/wikipedia/commons/6/62/Flag_of_France.png",
    "Sète": "https://upload.wikimedia.org/wikipedia/commons/6/62/Flag_of_France.png",
    "Salon-de-Provence": "https://upload.wikimedia.org/wikipedia/commons/6/62/Flag_of_France.png",
    "Vaulx-en-Velin": "https://upload.wikimedia.org/wikipedia/commons/6/62/Flag_of_France.png",
    "Puteaux": "https://upload.wikimedia.org/wikipedia/commons/6/62/Flag_of_France.png",
    "Rosny-sous-Bois": "https://upload.wikimedia.org/wikipedia/commons/6/62/Flag_of_France.png",
    "Saint-Herblain": "https://upload.wikimedia.org/wikipedia/commons/6/62/Flag_of_France.png",
    "Gennevilliers": "https://upload.wikimedia.org/wikipedia/commons/6/62/Flag_of_France.png",
    "Le Cannet": "https://upload.wikimedia.org/wikipedia/commons/6/62/Flag_of_France.png",
    "Livry-Gargan": "https://upload.wikimedia.org/wikipedia/commons/6/62/Flag_of_France.png",
    "Saint-Priest": "https://upload.wikimedia.org/wikipedia/commons/6/62/Flag_of_France.png",
    "Istres": "https://upload.wikimedia.org/wikipedia/commons/6/62/Flag_of_France.png",
    "Valenciennes": "https://upload.wikimedia.org/wikipedia/commons/6/62/Flag_of_France.png",
    "Choisy-le-Roi": "https://upload.wikimedia.org/wikipedia/commons/6/62/Flag_of_France.png",
    "Caluire-et-Cuire": "https://upload.wikimedia.org/wikipedia/commons/6/62/Flag_of_France.png",
    "Boulogne-sur-Mer": "https://upload.wikimedia.org/wikipedia/commons/6/62/Flag_of_France.png",
    "Bastia": "https://upload.wikimedia.org/wikipedia/commons/6/62/Flag_of_France.png",
    "Angoulême": "https://upload.wikimedia.org/wikipedia/commons/6/62/Flag_of_France.png",
    "Garges-lès-Gonesse": "https://upload.wikimedia.org/wikipedia/commons/6/62/Flag_of_France.png",
    "Castres": "https://upload.wikimedia.org/wikipedia/commons/6/62/Flag_of_France.png",
    "Thionville": "https://upload.wikimedia.org/wikipedia/commons/6/62/Flag_of_France.png",
    "Wattrelos": "https://upload.wikimedia.org/wikipedia/commons/6/62/Flag_of_France.png",
    "Talence": "https://upload.wikimedia.org/wikipedia/commons/6/62/Flag_of_France.png",
    "Saint-Laurent-du-Maroni": "https://upload.wikimedia.org/wikipedia/commons/6/62/Flag_of_France.png",
    "Douai": "https://upload.wikimedia.org/wikipedia/commons/6/62/Flag_of_France.png",
    "Noisy-le-Sec": "https://upload.wikimedia.org/wikipedia/commons/6/62/Flag_of_France.png",
    "Tarbes": "https://upload.wikimedia.org/wikipedia/commons/6/62/Flag_of_France.png",
    "Arras": "https://upload.wikimedia.org/wikipedia/commons/6/62/Flag_of_France.png",
    "Alès": "https://upload.wikimedia.org/wikipedia/commons/6/62/Flag_of_France.png",
    "La Courneuve": "https://upload.wikimedia.org/wikipedia/commons/6/62/Flag_of_France.png",
    "Bourg-en-Bresse": "https://upload.wikimedia.org/wikipedia/commons/6/62/Flag_of_France.png",
    "Compiègne": "https://upload.wikimedia.org/wikipedia/commons/6/62/Flag_of_France.png",
    "Gap": "https://upload.wikimedia.org/wikipedia/commons/6/62/Flag_of_France.png",
    "Melun": "https://upload.wikimedia.org/wikipedia/commons/6/62/Flag_of_France.png",
    "Le Lamentin": "https://upload.wikimedia.org/wikipedia/commons/6/62/Flag_of_France.png",
    "Rezé": "https://upload.wikimedia.org/wikipedia/commons/6/62/Flag_of_France.png",
    "Saint-Germain-en-Laye": "https://upload.wikimedia.org/wikipedia/commons/6/62/Flag_of_France.png",
    "Marcq-en-Barœul": "https://upload.wikimedia.org/wikipedia/commons/6/62/Flag_of_France.png",
    "Gagny": "https://upload.wikimedia.org/wikipedia/commons/6/62/Flag_of_France.png",
    "Anglet": "https://upload.wikimedia.org/wikipedia/commons/6/62/Flag_of_France.png",
    "Draguignan": "https://upload.wikimedia.org/wikipedia/commons/6/62/Flag_of_France.png",
    "Chartres": "https://upload.wikimedia.org/wikipedia/commons/6/62/Flag_of_France.png",
    "Bron": "https://upload.wikimedia.org/wikipedia/commons/6/62/Flag_of_France.png",
    "Bagneux": "https://upload.wikimedia.org/wikipedia/commons/6/62/Flag_of_France.png",
    "Colomiers": "https://upload.wikimedia.org/wikipedia/commons/6/62/Flag_of_France.png",
    "Saint-Martin-d'Hères": "https://upload.wikimedia.org/wikipedia/commons/6/62/Flag_of_France.png",
    "Pontault-Combault": "https://upload.wikimedia.org/wikipedia/commons/6/62/Flag_of_France.png",
    "Montluçon": "https://upload.wikimedia.org/wikipedia/commons/6/62/Flag_of_France.png",
    "Joué-lès-Tours": "https://upload.wikimedia.org/wikipedia/commons/6/62/Flag_of_France.png",
    "Saint-Joseph": "https://upload.wikimedia.org/wikipedia/commons/6/62/Flag_of_France.png",
    "Poissy": "https://upload.wikimedia.org/wikipedia/commons/6/62/Flag_of_France.png",
    "Savigny-sur-Orge": "https://upload.wikimedia.org/wikipedia/commons/6/62/Flag_of_France.png",
    "Cherbourg-Octeville": "https://upload.wikimedia.org/wikipedia/commons/6/62/Flag_of_France.png",
    "Montélimar": "https://upload.wikimedia.org/wikipedia/commons/6/62/Flag_of_France.png",
    "Villefranche-sur-Saône": "https://upload.wikimedia.org/wikipedia/commons/6/62/Flag_of_France.png",
    "Stains": "https://upload.wikimedia.org/wikipedia/commons/6/62/Flag_of_France.png",
    "Saint-Benoît": "https://upload.wikimedia.org/wikipedia/commons/6/62/Flag_of_France.png",
    "Bagnolet": "https://upload.wikimedia.org/wikipedia/commons/6/62/Flag_of_France.png",
    "Châtillon": "https://upload.wikimedia.org/wikipedia/commons/6/62/Flag_of_France.png",
    "Le Port": "https://upload.wikimedia.org/wikipedia/commons/6/62/Flag_of_France.png",
    "Sainte-Geneviève-des-Bois": "https://upload.wikimedia.org/wikipedia/commons/6/62/Flag_of_France.png",
    "Échirolles": "https://upload.wikimedia.org/wikipedia/commons/6/62/Flag_of_France.png",
    "Roanne": "https://upload.wikimedia.org/wikipedia/commons/6/62/Flag_of_France.png",
    "Villepinte": "https://upload.wikimedia.org/wikipedia/commons/6/62/Flag_of_France.png",
    "Saint-Chamond": "https://upload.wikimedia.org/wikipedia/commons/6/62/Flag_of_France.png",
    "Conflans-Sainte-Honorine": "https://upload.wikimedia.org/wikipedia/commons/6/62/Flag_of_France.png",
    "Auxerre": "https://upload.wikimedia.org/wikipedia/commons/6/62/Flag_of_France.png",
    "Nevers": "https://upload.wikimedia.org/wikipedia/commons/6/62/Flag_of_France.png",
    "Neuilly-sur-Marne": "https://upload.wikimedia.org/wikipedia/commons/6/62/Flag_of_France.png",
    "La Ciotat": "https://upload.wikimedia.org/wikipedia/commons/6/62/Flag_of_France.png",
    "Tremblay-en-France": "https://upload.wikimedia.org/wikipedia/commons/6/62/Flag_of_France.png",
    "Thonon-les-Bains": "https://upload.wikimedia.org/wikipedia/commons/6/62/Flag_of_France.png",
    "Vitrolles": "https://upload.wikimedia.org/wikipedia/commons/6/62/Flag_of_France.png",
    "Haguenau": "https://upload.wikimedia.org/wikipedia/commons/6/62/Flag_of_France.png",
    "Six-Fours-les-Plages": "https://upload.wikimedia.org/wikipedia/commons/6/62/Flag_of_France.png",
    "Agen": "https://upload.wikimedia.org/wikipedia/commons/6/62/Flag_of_France.png",
    "Creil": "https://upload.wikimedia.org/wikipedia/commons/6/62/Flag_of_France.png",
    "Annemasse": "https://upload.wikimedia.org/wikipedia/commons/6/62/Flag_of_France.png",
    "Saint-Raphaël": "https://upload.wikimedia.org/wikipedia/commons/6/62/Flag_of_France.png",
    "Marignane": "https://upload.wikimedia.org/wikipedia/commons/6/62/Flag_of_France.png",
    "Romans-sur-Isère": "https://upload.wikimedia.org/wikipedia/commons/6/62/Flag_of_France.png",
    "Montigny-le-Bretonneux": "https://upload.wikimedia.org/wikipedia/commons/6/62/Flag_of_France.png",
    "Le Perreux-sur-Marne": "https://upload.wikimedia.org/wikipedia/commons/6/62/Flag_of_France.png",
    "Franconville": "https://upload.wikimedia.org/wikipedia/commons/6/62/Flag_of_France.png",
    "Mâcon": "https://upload.wikimedia.org/wikipedia/commons/6/62/Flag_of_France.png",
    "Saint-Leu": "https://upload.wikimedia.org/wikipedia/commons/6/62/Flag_of_France.png",
    "Cambrai": "https://upload.wikimedia.org/wikipedia/commons/6/62/Flag_of_France.png",
    "Châtenay-Malabry": "https://upload.wikimedia.org/wikipedia/commons/6/62/Flag_of_France.png",
    "Sainte-Marie": "https://upload.wikimedia.org/wikipedia/commons/6/62/Flag_of_France.png",
    "Villeneuve-Saint-Georges": "https://upload.wikimedia.org/wikipedia/commons/6/62/Flag_of_France.png",
    "Houilles": "https://upload.wikimedia.org/wikipedia/commons/6/62/Flag_of_France.png",
    "Épinal": "https://upload.wikimedia.org/wikipedia/commons/6/62/Flag_of_France.png",
    "Lens": "https://upload.wikimedia.org/wikipedia/commons/6/62/Flag_of_France.png",
    "Liévin": "https://upload.wikimedia.org/wikipedia/commons/6/62/Flag_of_France.png",
    "Les Mureaux": "https://upload.wikimedia.org/wikipedia/commons/6/62/Flag_of_France.png",
    "Schiltigheim": "https://upload.wikimedia.org/wikipedia/commons/6/62/Flag_of_France.png",
    "La Possession": "https://upload.wikimedia.org/wikipedia/commons/6/62/Flag_of_France.png",
    "Meyzieu": "https://upload.wikimedia.org/wikipedia/commons/6/62/Flag_of_France.png",
    "Dreux": "https://upload.wikimedia.org/wikipedia/commons/6/62/Flag_of_France.png",
    "Nogent-sur-Marne": "https://upload.wikimedia.org/wikipedia/commons/6/62/Flag_of_France.png",
    "Plaisir": "https://upload.wikimedia.org/wikipedia/commons/6/62/Flag_of_France.png",
    "Mont-de-Marsan": "https://upload.wikimedia.org/wikipedia/commons/6/62/Flag_of_France.png",
    "Palaiseau": "https://upload.wikimedia.org/wikipedia/commons/6/62/Flag_of_France.png",
    "Châtellerault": "https://upload.wikimedia.org/wikipedia/commons/6/62/Flag_of_France.png",
    "Goussainville": "https://upload.wikimedia.org/wikipedia/commons/6/62/Flag_of_France.png",
    "L'Haÿ-les-Roses": "https://upload.wikimedia.org/wikipedia/commons/6/62/Flag_of_France.png",
    "Viry-Châtillon": "https://upload.wikimedia.org/wikipedia/commons/6/62/Flag_of_France.png",
    "Vigneux-sur-Seine": "https://upload.wikimedia.org/wikipedia/commons/6/62/Flag_of_France.png",
    "Chatou": "https://upload.wikimedia.org/wikipedia/commons/6/62/Flag_of_France.png",
    "Trappes": "https://upload.wikimedia.org/wikipedia/commons/6/62/Flag_of_France.png",
    "Clichy-sous-Bois": "https://upload.wikimedia.org/wikipedia/commons/6/62/Flag_of_France.png",
    "Rillieux-la-Pape": "https://upload.wikimedia.org/wikipedia/commons/6/62/Flag_of_France.png",
    "Villenave-d'Ornon": "https://upload.wikimedia.org/wikipedia/commons/6/62/Flag_of_France.png",
    "Maubeuge": "https://upload.wikimedia.org/wikipedia/commons/6/62/Flag_of_France.png",
    "Charenton-le-Pont": "https://upload.wikimedia.org/wikipedia/commons/6/62/Flag_of_France.png",
    "Malakoff": "https://upload.wikimedia.org/wikipedia/commons/6/62/Flag_of_France.png",
    "Matoury": "https://upload.wikimedia.org/wikipedia/commons/6/62/Flag_of_France.png",
    "Dieppe": "https://upload.wikimedia.org/wikipedia/commons/6/62/Flag_of_France.png",
    "Athis-Mons": "https://upload.wikimedia.org/wikipedia/commons/6/62/Flag_of_France.png",
    "Savigny-le-Temple": "https://upload.wikimedia.org/wikipedia/commons/6/62/Flag_of_France.png",
    "Périgueux": "https://upload.wikimedia.org/wikipedia/commons/6/62/Flag_of_France.png",
    "Baie-Mahault": "https://upload.wikimedia.org/wikipedia/commons/6/62/Flag_of_France.png",
    "Vandoeuvre-lès-Nancy": "https://upload.wikimedia.org/wikipedia/commons/6/62/Flag_of_France.png",
    "Pontoise": "https://upload.wikimedia.org/wikipedia/commons/6/62/Flag_of_France.png",
    "Aix-les-Bains": "https://upload.wikimedia.org/wikipedia/commons/6/62/Flag_of_France.png",
    "Cachan": "https://upload.wikimedia.org/wikipedia/commons/6/62/Flag_of_France.png",
    "Vienne": "https://upload.wikimedia.org/wikipedia/commons/6/62/Flag_of_France.png",
    "Thiais": "https://upload.wikimedia.org/wikipedia/commons/6/62/Flag_of_France.png",
    "Orange": "https://upload.wikimedia.org/wikipedia/commons/6/62/Flag_of_France.png",
    "Saint-Médard-en-Jalles": "https://upload.wikimedia.org/wikipedia/commons/6/62/Flag_of_France.png",
    "Villemomble": "https://upload.wikimedia.org/wikipedia/commons/6/62/Flag_of_France.png",
    "Saint-Cloud": "https://upload.wikimedia.org/wikipedia/commons/6/62/Flag_of_France.png",
    "Saint-Laurent-du-Var": "https://upload.wikimedia.org/wikipedia/commons/6/62/Flag_of_France.png",
    "Yerres": "https://upload.wikimedia.org/wikipedia/commons/6/62/Flag_of_France.png",
    "Saint-Étienne-du-Rouvray": "https://upload.wikimedia.org/wikipedia/commons/6/62/Flag_of_France.png",
    "Sotteville-lès-Rouen": "https://upload.wikimedia.org/wikipedia/commons/6/62/Flag_of_France.png",
    "Draveil": "https://upload.wikimedia.org/wikipedia/commons/6/62/Flag_of_France.png",
    "Le Chesnay": "https://upload.wikimedia.org/wikipedia/commons/6/62/Flag_of_France.png",
    "Bois-Colombes": "https://upload.wikimedia.org/wikipedia/commons/6/62/Flag_of_France.png",
    "Le Plessis-Robinson": "https://upload.wikimedia.org/wikipedia/commons/6/62/Flag_of_France.png",
    "La Garenne-Colombes": "https://upload.wikimedia.org/wikipedia/commons/6/62/Flag_of_France.png",
    "Lambersart": "https://upload.wikimedia.org/wikipedia/commons/6/62/Flag_of_France.png",
    "Soissons": "https://upload.wikimedia.org/wikipedia/commons/6/62/Flag_of_France.png",
    "Pierrefitte-sur-Seine": "https://upload.wikimedia.org/wikipedia/commons/6/62/Flag_of_France.png",
    "Carpentras": "https://upload.wikimedia.org/wikipedia/commons/6/62/Flag_of_France.png",
    "Villiers-sur-Marne": "https://upload.wikimedia.org/wikipedia/commons/6/62/Flag_of_France.png",
    "Vanves": "https://upload.wikimedia.org/wikipedia/commons/6/62/Flag_of_France.png",
    "Menton": "https://upload.wikimedia.org/wikipedia/commons/6/62/Flag_of_France.png",
    "Bergerac": "https://upload.wikimedia.org/wikipedia/commons/6/62/Flag_of_France.png",
    "Ermont": "https://upload.wikimedia.org/wikipedia/commons/6/62/Flag_of_France.png",
    "Bezons": "https://upload.wikimedia.org/wikipedia/commons/6/62/Flag_of_France.png",
    "Grigny": "https://upload.wikimedia.org/wikipedia/commons/6/62/Flag_of_France.png",
    "Guyancourt": "https://upload.wikimedia.org/wikipedia/commons/6/62/Flag_of_France.png",
    "Saumur": "https://upload.wikimedia.org/wikipedia/commons/6/62/Flag_of_France.png",
    "Herblay": "https://upload.wikimedia.org/wikipedia/commons/6/62/Flag_of_France.png",
    "Ris-Orangis": "https://upload.wikimedia.org/wikipedia/commons/6/62/Flag_of_France.png",
    "Villiers-le-Bel": "https://upload.wikimedia.org/wikipedia/commons/6/62/Flag_of_France.png",
    "Bourgoin-Jallieu": "https://upload.wikimedia.org/wikipedia/commons/6/62/Flag_of_France.png",
    "Vierzon": "https://upload.wikimedia.org/wikipedia/commons/6/62/Flag_of_France.png",
    "Le Gosier": "https://upload.wikimedia.org/wikipedia/commons/6/62/Flag_of_France.png",
    "Décines-Charpieu": "https://upload.wikimedia.org/wikipedia/commons/6/62/Flag_of_France.png",
    "Hénin-Beaumont": "https://upload.wikimedia.org/wikipedia/commons/6/62/Flag_of_France.png",
    "Fresnes": "https://upload.wikimedia.org/wikipedia/commons/6/62/Flag_of_France.png",
    "Aurillac": "https://upload.wikimedia.org/wikipedia/commons/6/62/Flag_of_France.png",
    "Sannois": "https://upload.wikimedia.org/wikipedia/commons/6/62/Flag_of_France.png",
    "Vallauris": "https://upload.wikimedia.org/wikipedia/commons/6/62/Flag_of_France.png",
    "Illkirch-Graffenstaden": "https://upload.wikimedia.org/wikipedia/commons/6/62/Flag_of_France.png",
    "Alençon": "https://upload.wikimedia.org/wikipedia/commons/6/62/Flag_of_France.png",
    "Élancourt": "https://upload.wikimedia.org/wikipedia/commons/6/62/Flag_of_France.png",
    "Tournefeuille": "https://upload.wikimedia.org/wikipedia/commons/6/62/Flag_of_France.png",
    "Bègles": "https://upload.wikimedia.org/wikipedia/commons/6/62/Flag_of_France.png",
    "Gonesse": "https://upload.wikimedia.org/wikipedia/commons/6/62/Flag_of_France.png",
    "Oullins": "https://upload.wikimedia.org/wikipedia/commons/6/62/Flag_of_France.png",
    "Brunoy": "https://upload.wikimedia.org/wikipedia/commons/6/62/Flag_of_France.png",
    "Taverny": "https://upload.wikimedia.org/wikipedia/commons/6/62/Flag_of_France.png",
    "Armentières": "https://upload.wikimedia.org/wikipedia/commons/6/62/Flag_of_France.png",
    "Montfermeil": "https://upload.wikimedia.org/wikipedia/commons/6/62/Flag_of_France.png",
    "Rambouillet": "https://upload.wikimedia.org/wikipedia/commons/6/62/Flag_of_France.png",
    "Villeparisis": "https://upload.wikimedia.org/wikipedia/commons/6/62/Flag_of_France.png",
    "Le Kremlin-Bicêtre": "https://upload.wikimedia.org/wikipedia/commons/6/62/Flag_of_France.png",
    "Sucy-en-Brie": "https://upload.wikimedia.org/wikipedia/commons/6/62/Flag_of_France.png",
    "Kourou": "https://upload.wikimedia.org/wikipedia/commons/6/62/Flag_of_France.png",
    "Montbéliard": "https://upload.wikimedia.org/wikipedia/commons/6/62/Flag_of_France.png",
    "Romainville": "https://upload.wikimedia.org/wikipedia/commons/6/62/Flag_of_France.png",
    "Cavaillon": "https://upload.wikimedia.org/wikipedia/commons/6/62/Flag_of_France.png",
    "Saint-Dizier": "https://upload.wikimedia.org/wikipedia/commons/6/62/Flag_of_France.png",
    "Brétigny-sur-Orge": "https://upload.wikimedia.org/wikipedia/commons/6/62/Flag_of_France.png",
    "Saint-Sébastien-sur-Loire": "https://upload.wikimedia.org/wikipedia/commons/6/62/Flag_of_France.png",
    "Saintes": "https://upload.wikimedia.org/wikipedia/commons/6/62/Flag_of_France.png",
    "La Teste-de-Buch": "https://upload.wikimedia.org/wikipedia/commons/6/62/Flag_of_France.png",
    "Villeneuve-la-Garenne": "https://upload.wikimedia.org/wikipedia/commons/6/62/Flag_of_France.png",
    "Béthune": "https://upload.wikimedia.org/wikipedia/commons/6/62/Flag_of_France.png",
    "Bussy-Saint-Georges": "https://upload.wikimedia.org/wikipedia/commons/6/62/Flag_of_France.png",
    "Vichy": "https://upload.wikimedia.org/wikipedia/commons/6/62/Flag_of_France.png",
    "La Garde": "https://upload.wikimedia.org/wikipedia/commons/6/62/Flag_of_France.png",
    "Agde": "https://upload.wikimedia.org/wikipedia/commons/6/62/Flag_of_France.png",
    "Laon": "https://upload.wikimedia.org/wikipedia/commons/6/62/Flag_of_France.png",
    "Sens": "https://upload.wikimedia.org/wikipedia/commons/6/62/Flag_of_France.png",
    "Lunel": "https://upload.wikimedia.org/wikipedia/commons/6/62/Flag_of_France.png",
    "Miramas": "https://upload.wikimedia.org/wikipedia/commons/6/62/Flag_of_France.png",
    "Biarritz": "https://upload.wikimedia.org/wikipedia/commons/6/62/Flag_of_France.png",
    "Le Grand-Quevilly": "https://upload.wikimedia.org/wikipedia/commons/6/62/Flag_of_France.png",
    "Orvault": "https://upload.wikimedia.org/wikipedia/commons/6/62/Flag_of_France.png",
    "Les Ulis": "https://upload.wikimedia.org/wikipedia/commons/6/62/Flag_of_France.png",
    "Champs-sur-Marne": "https://upload.wikimedia.org/wikipedia/commons/6/62/Flag_of_France.png",
    "Rochefort": "https://upload.wikimedia.org/wikipedia/commons/6/62/Flag_of_France.png",
    "Muret": "https://upload.wikimedia.org/wikipedia/commons/6/62/Flag_of_France.png",
    "Sainte-Anne": "https://upload.wikimedia.org/wikipedia/commons/6/62/Flag_of_France.png",
    "Eaubonne": "https://upload.wikimedia.org/wikipedia/commons/6/62/Flag_of_France.png",
    "Étampes": "https://upload.wikimedia.org/wikipedia/commons/6/62/Flag_of_France.png",
    "Gradignan": "https://upload.wikimedia.org/wikipedia/commons/6/62/Flag_of_France.png",
    "Vernon": "https://upload.wikimedia.org/wikipedia/commons/6/62/Flag_of_France.png",
    "Petit-Bourg": "https://upload.wikimedia.org/wikipedia/commons/6/62/Flag_of_France.png",
    "Libourne": "https://upload.wikimedia.org/wikipedia/commons/6/62/Flag_of_France.png",
    "Abbeville": "https://upload.wikimedia.org/wikipedia/commons/6/62/Flag_of_France.png",
    "Rodez": "https://upload.wikimedia.org/wikipedia/commons/6/62/Flag_of_France.png",
    "Saint-Ouen-l'Aumône": "https://upload.wikimedia.org/wikipedia/commons/6/62/Flag_of_France.png",
    "Torcy": "https://upload.wikimedia.org/wikipedia/commons/6/62/Flag_of_France.png",
    "Maisons-Laffitte": "https://upload.wikimedia.org/wikipedia/commons/6/62/Flag_of_France.png",
    "Montgeron": "https://upload.wikimedia.org/wikipedia/commons/6/62/Flag_of_France.png",
    "Villeneuve-sur-Lot": "https://upload.wikimedia.org/wikipedia/commons/6/62/Flag_of_France.png",
    "Cormeilles-en-Parisis": "https://upload.wikimedia.org/wikipedia/commons/6/62/Flag_of_France.png",
    "Épernay": "https://upload.wikimedia.org/wikipedia/commons/6/62/Flag_of_France.png",
    "Sèvres": "https://upload.wikimedia.org/wikipedia/commons/6/62/Flag_of_France.png",
    "Dole": "https://upload.wikimedia.org/wikipedia/commons/6/62/Flag_of_France.png",
    "Le Robert": "https://upload.wikimedia.org/wikipedia/commons/6/62/Flag_of_France.png",
    "Le Bouscat": "https://upload.wikimedia.org/wikipedia/commons/6/62/Flag_of_France.png",
    "Blagnac": "https://upload.wikimedia.org/wikipedia/commons/6/62/Flag_of_France.png",
    "Frontignan": "https://upload.wikimedia.org/wikipedia/commons/6/62/Flag_of_France.png",
    "Cenon": "https://upload.wikimedia.org/wikipedia/commons/6/62/Flag_of_France.png",
    "Mandelieu-la-Napoule": "https://upload.wikimedia.org/wikipedia/commons/6/62/Flag_of_France.png",
    "Vertou": "https://upload.wikimedia.org/wikipedia/commons/6/62/Flag_of_France.png",
    "Les Lilas": "https://upload.wikimedia.org/wikipedia/commons/6/62/Flag_of_France.png",
    "Bruay-la-Buissière": "https://upload.wikimedia.org/wikipedia/commons/6/62/Flag_of_France.png",
    "Les Pavillons-sous-Bois": "https://upload.wikimedia.org/wikipedia/commons/6/62/Flag_of_France.png",
    "Chaumont": "https://upload.wikimedia.org/wikipedia/commons/6/62/Flag_of_France.png",
    "Roissy-en-Brie": "https://upload.wikimedia.org/wikipedia/commons/6/62/Flag_of_France.png",
    "Le Moule": "https://upload.wikimedia.org/wikipedia/commons/6/62/Flag_of_France.png",
    "Le Petit-Quevilly": "https://upload.wikimedia.org/wikipedia/commons/6/62/Flag_of_France.png",
    "Manosque": "https://upload.wikimedia.org/wikipedia/commons/6/62/Flag_of_France.png",
    "Saint-Mandé": "https://upload.wikimedia.org/wikipedia/commons/6/62/Flag_of_France.png",
    "Fontenay-aux-Roses": "https://upload.wikimedia.org/wikipedia/commons/6/62/Flag_of_France.png",
    "Orly": "https://upload.wikimedia.org/wikipedia/commons/6/62/Flag_of_France.png",
    "Le Creusot": "https://upload.wikimedia.org/wikipedia/commons/6/62/Flag_of_France.png",
    "Oyonnax": "https://upload.wikimedia.org/wikipedia/commons/6/62/Flag_of_France.png",
    "La Madeleine": "https://upload.wikimedia.org/wikipedia/commons/6/62/Flag_of_France.png",
    "Sainte-Suzanne": "https://upload.wikimedia.org/wikipedia/commons/6/62/Flag_of_France.png",
    "Millau": "https://upload.wikimedia.org/wikipedia/commons/6/62/Flag_of_France.png",
    "Combs-la-Ville": "https://upload.wikimedia.org/wikipedia/commons/6/62/Flag_of_France.png",
    "Fontaine": "https://upload.wikimedia.org/wikipedia/commons/6/62/Flag_of_France.png",
    "Deuil-la-Barre": "https://upload.wikimedia.org/wikipedia/commons/6/62/Flag_of_France.png",
    "Coudekerque-Branche": "https://upload.wikimedia.org/wikipedia/commons/6/62/Flag_of_France.png",
    "Auch": "https://upload.wikimedia.org/wikipedia/commons/6/62/Flag_of_France.png",
    "Lanester": "https://upload.wikimedia.org/wikipedia/commons/6/62/Flag_of_France.png",
    "Beaune": "https://upload.wikimedia.org/wikipedia/commons/6/62/Flag_of_France.png",
    "Montigny-lès-Metz": "https://upload.wikimedia.org/wikipedia/commons/6/62/Flag_of_France.png",
    "Hazebrouck": "https://upload.wikimedia.org/wikipedia/commons/6/62/Flag_of_France.png",
    "Longjumeau": "https://upload.wikimedia.org/wikipedia/commons/6/62/Flag_of_France.png",
    "Sainte-Foy-lès-Lyon": "https://upload.wikimedia.org/wikipedia/commons/6/62/Flag_of_France.png",
    "Forbach": "https://upload.wikimedia.org/wikipedia/commons/6/62/Flag_of_France.png",
    "Sarreguemines": "https://upload.wikimedia.org/wikipedia/commons/6/62/Flag_of_France.png",
    "Mons-en-Barœul": "https://upload.wikimedia.org/wikipedia/commons/6/62/Flag_of_France.png",
    "La Valette-du-Var": "https://upload.wikimedia.org/wikipedia/commons/6/62/Flag_of_France.png",
    "Hérouville-Saint-Clair": "https://upload.wikimedia.org/wikipedia/commons/6/62/Flag_of_France.png",
    "Morsang-sur-Orge": "https://upload.wikimedia.org/wikipedia/commons/6/62/Flag_of_France.png",
    "Grande-Synthe": "https://upload.wikimedia.org/wikipedia/commons/6/62/Flag_of_France.png",
    "La Celle-Saint-Cloud": "https://upload.wikimedia.org/wikipedia/commons/6/62/Flag_of_France.png",
    "Lisieux": "https://upload.wikimedia.org/wikipedia/commons/6/62/Flag_of_France.png",
    "Croix": "https://upload.wikimedia.org/wikipedia/commons/6/62/Flag_of_France.png",
    "Dammarie-les-Lys": "https://upload.wikimedia.org/wikipedia/commons/6/62/Flag_of_France.png",
    "Vélizy-Villacoublay": "https://upload.wikimedia.org/wikipedia/commons/6/62/Flag_of_France.png",
    "Wasquehal": "https://upload.wikimedia.org/wikipedia/commons/6/62/Flag_of_France.png",
    "Saint-Gratien": "https://upload.wikimedia.org/wikipedia/commons/6/62/Flag_of_France.png",
    "Halluin": "https://upload.wikimedia.org/wikipedia/commons/6/62/Flag_of_France.png",
    "Neuilly-Plaisance": "https://upload.wikimedia.org/wikipedia/commons/6/62/Flag_of_France.png",
    "Montmorency": "https://upload.wikimedia.org/wikipedia/commons/6/62/Flag_of_France.png",
    "Dax": "https://upload.wikimedia.org/wikipedia/commons/6/62/Flag_of_France.png",
    "Lagny-sur-Marne": "https://upload.wikimedia.org/wikipedia/commons/6/62/Flag_of_France.png",
    "Le Mée-sur-Seine": "https://upload.wikimedia.org/wikipedia/commons/6/62/Flag_of_France.png",
    "Saint-Genis-Laval": "https://upload.wikimedia.org/wikipedia/commons/6/62/Flag_of_France.png",
    "Fleury-les-Aubrais": "https://upload.wikimedia.org/wikipedia/commons/6/62/Flag_of_France.png",
    "Loos": "https://upload.wikimedia.org/wikipedia/commons/6/62/Flag_of_France.png",
    "Gif-sur-Yvette": "https://upload.wikimedia.org/wikipedia/commons/6/62/Flag_of_France.png",
    "Denain": "https://upload.wikimedia.org/wikipedia/commons/6/62/Flag_of_France.png",
    "Saint-Dié-des-Vosges": "https://upload.wikimedia.org/wikipedia/commons/6/62/Flag_of_France.png",
    "Sainte-Rose": "https://upload.wikimedia.org/wikipedia/commons/6/62/Flag_of_France.png",
    "Saint-Michel-sur-Orge": "https://upload.wikimedia.org/wikipedia/commons/6/62/Flag_of_France.png"
  }
}
